{"cameraMode":{"drawMode":0,"name":"Shaded","section":"Shading Mode"},"sceneLighting":true,"audioPlay":false,"sceneViewState":{"m_AlwaysRefresh":false,"showFog":true,"showSkybox":true,"showFlares":true,"showImageEffects":true,"showParticleSystems":true,"showVisualEffectGraphs":true,"m_FxEnabled":true},"in2DMode":false,"pivot":{"x":57.939998626708987,"y":5.229999542236328,"z":0.5999999046325684},"rotation":{"x":-0.1884671002626419,"y":-0.00942255463451147,"z":0.0017847042763605714,"w":-0.9820733666419983},"size":103.5464859008789,"orthographic":true}