{"cameraMode":{"drawMode":0,"name":"Shaded","section":"Shading Mode"},"sceneLighting":false,"audioPlay":false,"sceneViewState":{"m_AlwaysRefresh":false,"showFog":false,"showSkybox":false,"showFlares":false,"showImageEffects":false,"showParticleSystems":false,"showVisualEffectGraphs":true,"m_FxEnabled":true},"in2DMode":false,"pivot":{"x":0.002034749835729599,"y":0.021893594413995744,"z":0.0021115769632160665},"rotation":{"x":-0.08942354470491409,"y":0.670046865940094,"z":-0.0818130299448967,"w":-0.7323634624481201},"size":0.03830013424158096,"orthographic":false}